<hibernate-configuration>
<session-factory>
<property name="hibernate.connection.driver_class">com.mysql.jdbc.Driver</property>
<property name="hibernate.connection.password">root</property>
<property name="hibernate.connection.url">jdbc:mysql://localhost/quiz</property>
<property name="hibernate.connection.username">root</property>
<property name="hibernate.dialect">org.hibernate.dialect.MySQL8Dialect</property>
<!-- hibernate config -->
<property name="hbm2ddl.auto">update</property>
<property name="show_sql">true</property>
<!-- bha -->
<mapping class="com.quiz.bha.User"/>
<mapping class="com.quiz.bha.Admin"/>
<mapping class="com.quiz.bha.Quiz"/>
<mapping class="com.quiz.bha.TestScore"/>
</session-factory>
</hibernate-configuration>
